datetime,Unnamed: 0,Volcano_Number,Eruption_Number,Activity_Type,ExplosivityIndexMax,StartEvidenceMethod,StartDateYear,StartDateMonth,StartDateDay,EndDateYear,EndDateMonth,EndDateDay,StartDate,EndDate,EruptedVolume,DurationDays,DailyEruptedVolume,timeymd
19630702,1243,341040,10467,Confirmed Eruption,1,Observations: Reported,1963,7,2,1970,7,2,1963-07-02,1970-07-02,100000,2558,39.09304143862393,19630702
19650704,810,342110,10761,Confirmed Eruption,3,Observations: Reported,1965,7,4,1989,3,10,1965-07-04,1989-03-10,50000000,8651,5779.678649867067,19650704
19651010,1037,344100,11029,Confirmed Eruption,1,Observations: Reported,1965,10,10,1985,4,16,1965-10-10,1985-04-16,100000,7129,14.027212792818068,19651010
19680729,198,345033,11134,Confirmed Eruption,3,Observations: Reported,1968,7,29,2010,12,16,1968-07-29,2010-12-16,50000000,15481,3229.765519023319,19680729
19690211,541,344040,10927,Confirmed Eruption,2,Observations: Reported,1969,2,11,1971,12,16,1969-02-11,1971-12-16,5000000,1039,4812.319538017325,19690211
19700330,493,343100,10861,Confirmed Eruption,1,Observations: Reported,1970,3,30,1970,4,5,1970-03-30,1970-04-05,100000,7,14285.714285714286,19700330
19700716,218,345040,11172,Confirmed Eruption,1,Observations: Reported,1970,7,16,1970,7,16,1970-07-16,1970-07-16,100000,1,100000.0,19700716
19700814,1063,345020,11098,Confirmed Eruption,1,Observations: Reported,1970,8,14,1970,8,15,1970-08-14,1970-08-15,100000,2,50000.0,19700814
19710203,1017,344070,10964,Confirmed Eruption,3,Observations: Reported,1971,2,3,1971,2,14,1971-02-03,1971-02-14,50000000,12,4166666.6666666665,19710203
19710503,495,344020,10880,Confirmed Eruption,1,Observations: Reported,1971,5,3,1971,7,5,1971-05-03,1971-07-05,100000,64,1562.5,19710503
19710914,177,342090,10725,Confirmed Eruption,3,Observations: Reported,1971,9,14,1971,9,15,1971-09-14,1971-09-15,50000000,2,25000000.0,19710914
19720209,219,345040,11173,Confirmed Eruption,2,Observations: Reported,1972,2,9,1973,9,8,1972-02-09,1973-09-08,5000000,578,8650.519031141868,19720209
19721112,169,342080,10655,Confirmed Eruption,1,Observations: Reported,1972,11,12,1972,12,16,1972-11-12,1972-12-16,100000,35,2857.1428571428573,19721112
19730130,1244,341040,10468,Uncertain Eruption,1,unknown,1973,1,30,1973,1,30,1973-01-30,1973-01-30,100000,1,100000.0,19730130
19730223,178,342090,10726,Confirmed Eruption,2,Observations: Reported,1973,2,23,1973,3,23,1973-02-23,1973-03-23,5000000,29,172413.7931034483,19730223
19731224,1048,344120,11064,Confirmed Eruption,2,Observations: Reported,1973,12,24,1974,1,12,1973-12-24,1974-01-12,5000000,20,250000.0,19731224
19740911,220,345040,11174,Confirmed Eruption,2,Observations: Reported,1974,9,11,1975,2,16,1974-09-11,1975-02-16,5000000,159,31446.540880503144,19740911
19741010,171,342090,10727,Confirmed Eruption,4,Observations: Reported,1974,10,10,1974,12,4,1974-10-10,1974-12-04,500000000,56,8928571.42857143,19741010
19750528,172,342090,10728,Confirmed Eruption,1,Observations: Reported,1975,5,28,1975,10,21,1975-05-28,1975-10-21,100000,147,680.2721088435375,19750528
19751211,1245,341040,10469,Confirmed Eruption,2,Observations: Reported,1975,12,11,1976,6,20,1975-12-11,1976-06-20,5000000,193,25906.73575129534,19751211
19760309,519,344020,10881,Confirmed Eruption,1,Observations: Reported,1976,3,9,1976,3,16,1976-03-09,1976-03-16,100000,8,12500.0,19760309
19760621,221,345040,11175,Confirmed Eruption,2,Observations: Reported,1976,6,21,1976,11,16,1976-06-21,1976-11-16,5000000,149,33557.04697986577,19760621
19760829,520,344020,10882,Confirmed Eruption,1,Observations: Reported,1976,8,29,1976,8,29,1976-08-29,1976-08-29,100000,1,100000.0,19760829
19761103,542,344040,10929,Confirmed Eruption,1,Observations: Reported,1976,11,3,1978,1,16,1976-11-03,1978-01-16,100000,440,227.27272727272728,19761103
19761202,494,343100,10862,Confirmed Eruption,1,Observations: Reported,1976,12,2,1977,3,1,1976-12-02,1977-03-01,100000,90,1111.111111111111,19761202
19770303,173,342090,10729,Confirmed Eruption,1,Observations: Reported,1977,3,3,1977,4,19,1977-03-03,1977-04-19,100000,48,2083.3333333333335,19770303
19770303,224,345060,11231,Confirmed Eruption,1,Observations: Reported,1977,3,3,1977,3,3,1977-03-03,1977-03-03,100000,1,100000.0,19770303
19770404,1049,344120,11065,Confirmed Eruption,2,Observations: Reported,1977,4,4,1977,5,3,1977-04-04,1977-05-03,5000000,30,166666.66666666666,19770404
19770516,222,345040,11176,Confirmed Eruption,1,Observations: Reported,1977,5,16,1977,7,16,1977-05-16,1977-07-16,100000,62,1612.9032258064517,19770516
19770911,174,342090,10730,Confirmed Eruption,2,Observations: Reported,1977,9,11,1979,8,8,1977-09-11,1979-08-08,5000000,697,7173.601147776184,19770911
19771016,521,344020,10883,Confirmed Eruption,2,Observations: Reported,1977,10,16,1977,10,16,1977-10-16,1977-10-16,5000000,1,5000000.0,19771016
19771216,1247,341040,10460,Confirmed Eruption,1,Observations: Reported,1977,12,16,1982,6,16,1977-12-16,1982-06-16,100000,1644,60.82725060827251,19771216
19771218,212,345040,11177,Confirmed Eruption,2,Observations: Reported,1977,12,18,1978,6,15,1977-12-18,1978-06-15,5000000,180,27777.777777777777,19771218
19780330,1050,344120,11066,Confirmed Eruption,2,Observations: Reported,1978,3,30,1978,5,16,1978-03-30,1978-05-16,5000000,48,104166.66666666667,19780330
19780922,213,345040,11178,Confirmed Eruption,1,Observations: Reported,1978,9,22,1978,12,16,1978-09-22,1978-12-16,100000,86,1162.7906976744187,19780922
19790908,214,345040,11179,Confirmed Eruption,1,Observations: Reported,1979,9,8,1980,1,16,1979-09-08,1980-01-16,100000,131,763.3587786259542,19790908
19800912,215,345040,11180,Confirmed Eruption,1,Observations: Reported,1980,9,12,1980,9,12,1980-09-12,1980-09-12,100000,1,100000.0,19800912
19801226,216,345040,11181,Confirmed Eruption,1,Observations: Reported,1980,12,26,1980,12,26,1980-12-26,1980-12-26,100000,1,100000.0,19801226
19810216,535,344040,10930,Confirmed Eruption,1,Observations: Reported,1981,2,16,1981,2,16,1981-02-16,1981-02-16,100000,1,100000.0,19810216
19810316,217,345040,11182,Confirmed Eruption,1,Observations: Reported,1981,3,16,1981,5,16,1981-03-16,1981-05-16,100000,62,1612.9032258064517,19810316
19811125,536,344040,10931,Confirmed Eruption,2,Observations: Reported,1981,11,25,1982,3,2,1981-11-25,1982-03-02,5000000,98,51020.4081632653,19811125
19820115,1051,344120,11067,Confirmed Eruption,2,Observations: Reported,1982,1,15,1982,2,14,1982-01-15,1982-02-14,5000000,31,161290.32258064515,19820115
19820328,291,341120,10610,Confirmed Eruption,5,Observations: Reported,1982,3,28,1982,9,11,1982-03-28,1982-09-11,5000000000,168,29761904.76190476,19820328
19830206,1064,345020,11099,Confirmed Eruption,1,Observations: Reported,1983,2,6,1983,2,21,1983-02-06,1983-02-21,100000,16,6250.0,19830206
19830211,1248,341040,10461,Uncertain Eruption,1,unknown,1983,2,11,1983,2,15,1983-02-11,1983-02-15,100000,5,20000.0,19830211
19830316,1052,344120,11068,Confirmed Eruption,2,Observations: Reported,1983,3,16,1983,3,25,1983-03-16,1983-03-25,5000000,10,500000.0,19830316
19840331,1065,345020,11100,Confirmed Eruption,2,Observations: Reported,1984,3,31,1984,4,16,1984-03-31,1984-04-16,5000000,17,294117.64705882355,19840331
19841216,1042,344120,11069,Confirmed Eruption,2,Observations: Reported,1984,12,16,1985,1,2,1984-12-16,1985-01-02,5000000,18,277777.77777777775,19841216
19850702,1246,341040,10470,Confirmed Eruption,1,Observations: Reported,1985,7,2,1986,1,5,1985-07-02,1986-01-05,100000,188,531.9148936170212,19850702
19850916,1066,345020,11101,Confirmed Eruption,1,Observations: Reported,1985,9,16,1986,4,16,1985-09-16,1986-04-16,100000,213,469.4835680751174,19850916
19851116,488,343100,10863,Confirmed Eruption,1,Observations: Reported,1985,11,16,1986,2,16,1985-11-16,1986-02-16,100000,93,1075.268817204301,19851116
19851202,1043,344120,11070,Confirmed Eruption,1,Observations: Reported,1985,12,2,1986,4,20,1985-12-02,1986-04-20,100000,140,714.2857142857143,19851202
19860216,292,341130,10621,Confirmed Eruption,1,Observations: Reported,1986,2,16,1986,6,16,1986-02-16,1986-06-16,100000,121,826.4462809917355,19860216
19861231,1067,345020,11102,Confirmed Eruption,1,Observations: Reported,1986,12,31,1986,12,31,1986-12-31,1986-12-31,100000,1,100000.0,19861231
19870105,175,342090,10731,Confirmed Eruption,1,Observations: Reported,1987,1,5,1987,2,16,1987-01-05,1987-02-16,100000,43,2325.5813953488373,19870105
19870215,1031,344100,11030,Confirmed Eruption,1,Observations: Reported,1987,2,15,1987,2,22,1987-02-15,1987-02-22,100000,8,12500.0,19870215
19870401,1068,345020,11103,Confirmed Eruption,1,Observations: Reported,1987,4,1,1987,4,1,1987-04-01,1987-04-01,100000,1,100000.0,19870401
19870616,207,345040,11183,Confirmed Eruption,2,Observations: Reported,1987,6,16,1990,6,16,1987-06-16,1990-06-16,5000000,1097,4557.88514129444,19870616
19870702,1237,341040,10471,Confirmed Eruption,1,Observations: Reported,1987,7,2,1987,7,2,1987-07-02,1987-07-02,100000,1,100000.0,19870702
19871116,537,344040,10932,Confirmed Eruption,1,Observations: Reported,1987,11,16,1987,11,16,1987-11-16,1987-11-16,100000,1,100000.0,19871116
19880615,1238,341040,10472,Uncertain Eruption,2,unknown,1988,6,15,1988,6,15,1988-06-15,1988-06-15,5000000,1,5000000.0,19880615
19880616,1044,344120,11071,Confirmed Eruption,2,Observations: Reported,1988,6,16,1988,6,16,1988-06-16,1988-06-16,5000000,1,5000000.0,19880616
19890220,1032,344100,11031,Confirmed Eruption,1,Observations: Reported,1989,2,20,1989,11,16,1989-02-20,1989-11-16,100000,270,370.3703703703704,19890220
19900104,806,342110,10762,Confirmed Eruption,3,Observations: Reported,1990,1,4,2000,3,1,1990-01-04,2000-03-01,50000000,3710,13477.088948787063,19900104
19910301,1239,341040,10473,Confirmed Eruption,2,Observations: Reported,1991,3,1,1991,10,16,1991-03-01,1991-10-16,5000000,230,21739.130434782608,19910301
19910306,208,345040,11184,Confirmed Eruption,1,Observations: Reported,1991,3,6,1991,9,16,1991-03-06,1991-09-16,100000,195,512.8205128205128,19910306
19910507,1058,345020,11104,Confirmed Eruption,2,Observations: Reported,1991,5,7,1992,9,16,1991-05-07,1992-09-16,5000000,499,10020.040080160321,19910507
19920216,209,345040,11185,Confirmed Eruption,1,Observations: Reported,1992,2,16,1992,3,16,1992-02-16,1992-03-16,100000,30,3333.3333333333335,19920216
19920409,1018,344070,10965,Confirmed Eruption,3,Observations: Reported,1992,4,9,1992,4,14,1992-04-09,1992-04-14,50000000,6,8333333.333333333,19920409
19930616,1033,344100,11032,Confirmed Eruption,1,Observations: Reported,1993,6,16,1994,11,16,1993-06-16,1994-11-16,100000,519,192.67822736030828,19930616
19940316,210,345040,11187,Confirmed Eruption,2,Observations: Reported,1994,3,16,1994,10,16,1994-03-16,1994-10-16,5000000,215,23255.81395348837,19940316
19940721,1240,341040,10474,Confirmed Eruption,1,Observations: Reported,1994,7,21,1994,7,21,1994-07-21,1994-07-21,100000,1,100000.0,19940721
19940731,538,344040,10933,Confirmed Eruption,2,Observations: Reported,1994,7,31,1994,8,12,1994-07-31,1994-08-12,5000000,13,384615.3846153846,19940731
19941208,223,345060,11232,Uncertain Eruption,2,Observations: Reported,1994,12,8,1994,12,8,1994-12-08,1994-12-08,5000000,1,5000000.0,19941208
19941221,287,341090,10550,Confirmed Eruption,2,Observations: Reported,1994,12,21,1995,10,5,1994-12-21,1995-10-05,5000000,289,17301.038062283737,19941221
19950112,489,343100,10864,Confirmed Eruption,1,Observations: Reported,1995,1,12,1995,4,19,1995-01-12,1995-04-19,100000,98,1020.4081632653061,19950112
19950529,1019,344070,10966,Confirmed Eruption,2,Observations: Reported,1995,5,29,1995,12,6,1995-05-29,1995-12-06,5000000,192,26041.666666666668,19950529
19951106,1059,345020,11105,Confirmed Eruption,2,Observations: Reported,1995,11,6,1995,11,13,1995-11-06,1995-11-13,5000000,8,625000.0,19951106
19960305,288,341090,10551,Confirmed Eruption,3,Observations: Reported,1996,3,5,2003,11,22,1996-03-05,2003-11-22,50000000,2819,17736.7860943597,19960305
19960408,211,345040,11188,Confirmed Eruption,1,Observations: Reported,1996,4,8,1996,4,8,1996-04-08,1996-04-08,100000,1,100000.0,19960408
19961205,1034,344100,11033,Confirmed Eruption,1,Observations: Reported,1996,12,5,1996,12,5,1996-12-05,1996-12-05,100000,1,100000.0,19961205
19970519,522,344020,10886,Confirmed Eruption,1,Observations: Reported,1997,5,19,1997,7,7,1997-05-19,1997-07-07,100000,50,2000.0,19970519
19970603,1035,344100,11034,Confirmed Eruption,1,Observations: Reported,1997,6,3,1997,11,17,1997-06-03,1997-11-17,100000,168,595.2380952380952,19970603
19971122,1241,341040,10475,Confirmed Eruption,3,Observations: Reported,1997,11,22,2011,6,21,1997-11-22,2011-06-21,50000000,4960,10080.645161290322,19971122
19971231,490,343100,10865,Confirmed Eruption,1,Observations: Reported,1997,12,31,1997,12,31,1997-12-31,1997-12-31,100000,1,100000.0,19971231
19980215,1060,345020,11106,Confirmed Eruption,2,Observations: Reported,1998,2,15,1998,9,16,1998-02-15,1998-09-16,5000000,214,23364.48598130841,19980215
19980914,1036,344100,11035,Confirmed Eruption,1,Observations: Reported,1998,9,14,1998,9,14,1998-09-14,1998-09-14,100000,1,100000.0,19980914
19990501,513,344020,10887,Confirmed Eruption,2,Observations: Reported,1999,5,1,2000,6,16,1999-05-01,2000-06-16,5000000,413,12106.537530266343,19990501
19990521,539,344040,10934,Confirmed Eruption,2,Observations: Reported,1999,5,21,2000,9,6,1999-05-21,2000-09-06,5000000,475,10526.315789473685,19990521
19990521,176,342090,10732,Confirmed Eruption,2,Observations: Reported,1999,5,21,2000,12,9,1999-05-21,2000-12-09,5000000,569,8787.346221441125,19990521
19990805,1020,344070,10970,Confirmed Eruption,2,Observations: Reported,1999,8,5,1999,8,7,1999-08-05,1999-08-07,5000000,3,1666666.6666666667,19990805
19991122,1025,344100,11036,Confirmed Eruption,1,Observations: Reported,1999,11,22,2000,3,2,1999-11-22,2000-03-02,100000,102,980.3921568627451,19991122
19991227,1045,344120,11072,Confirmed Eruption,1,Observations: Reported,1999,12,27,1999,12,29,1999-12-27,1999-12-29,100000,3,33333.333333333336,19991227
20000816,807,342110,10763,Confirmed Eruption,1,Observations: Reported,2000,8,16,2001,7,5,2000-08-16,2001-07-05,100000,324,308.641975308642,20000816
20010117,540,344040,10935,Confirmed Eruption,1,Observations: Reported,2001,1,17,2001,12,19,2001-01-17,2001-12-19,100000,337,296.7359050445104,20010117
20010423,1026,344100,11037,Confirmed Eruption,1,Observations: Reported,2001,4,23,2001,4,25,2001-04-23,2001-04-25,100000,3,33333.333333333336,20010423
20010511,514,344020,10888,Confirmed Eruption,1,Observations: Reported,2001,5,11,2001,12,9,2001-05-11,2001-12-09,100000,213,469.4835680751174,20010511
20011031,805,342110,19880,Confirmed Eruption,1,Observations: Reported,2001,10,31,2001,10,31,2001-10-31,2001-10-31,100000,1,100000.0,20011031
20020104,170,342090,10733,Confirmed Eruption,3,Observations: Reported,2002,1,4,2024,12,19,2002-01-04,2024-12-19,50000000,8386,5962.318149296447,20020104
20020116,491,343100,10866,Confirmed Eruption,1,Observations: Reported,2002,1,16,2002,1,16,2002-01-16,2002-01-16,100000,1,100000.0,20020116
20020529,515,344020,10889,Confirmed Eruption,1,Observations: Reported,2002,5,29,2002,12,16,2002-05-29,2002-12-16,100000,202,495.0495049504951,20020529
20020530,808,342110,19886,Confirmed Eruption,1,Observations: Reported,2002,5,30,2002,6,17,2002-05-30,2002-06-17,100000,19,5263.1578947368425,20020530
20030617,516,344020,10890,Confirmed Eruption,1,Observations: Reported,2003,6,17,2004,6,13,2003-06-17,2004-06-13,100000,363,275.4820936639118,20030617
20030922,1027,344100,11038,Confirmed Eruption,1,Observations: Reported,2003,9,22,2003,12,12,2003-09-22,2003-12-12,100000,82,1219.5121951219512,20030922
20040331,530,344040,10937,Confirmed Eruption,1,Observations: Reported,2004,3,31,2004,3,31,2004-03-31,2004-03-31,100000,1,100000.0,20040331
20040526,289,341090,10552,Confirmed Eruption,2,Observations: Reported,2004,5,26,2004,5,26,2004-05-26,2004-05-26,5000000,1,5000000.0,20040526
20040704,1028,344100,11039,Uncertain Eruption,1,unknown,2004,7,4,2004,7,4,2004-07-04,2004-07-04,100000,1,100000.0,20040704
20040719,809,342110,19887,Confirmed Eruption,3,Observations: Reported,2004,7,19,2005,9,11,2004-07-19,2005-09-11,50000000,420,119047.61904761905,20040719
20041105,531,344040,10938,Confirmed Eruption,1,Observations: Reported,2004,11,5,2005,1,29,2004-11-05,2005-01-29,100000,86,1162.7906976744187,20041105
20041203,517,344020,10891,Confirmed Eruption,1,Observations: Reported,2004,12,3,2004,12,7,2004-12-03,2004-12-07,100000,5,20000.0,20041203
20050109,290,341090,10556,Confirmed Eruption,2,Observations: Reported,2005,1,9,2024,12,19,2005-01-09,2024-12-19,5000000,7285,686.3417982155113,20050109
20050304,1029,344100,11040,Confirmed Eruption,1,Observations: Reported,2005,3,4,2005,3,30,2005-03-04,2005-03-30,100000,27,3703.703703703704,20050304
20050616,1005,343020,10768,Confirmed Eruption,3,Observations: Reported,2005,6,16,2005,10,1,2005-06-16,2005-10-01,50000000,108,462962.962962963,20050616
20050728,1046,344120,11073,Confirmed Eruption,2,Observations: Reported,2005,7,28,2005,11,10,2005-07-28,2005-11-10,5000000,106,47169.811320754714,20050728
20051113,518,344020,10892,Confirmed Eruption,2,Observations: Reported,2005,11,13,2006,5,27,2005-11-13,2006-05-27,5000000,196,25510.20408163265,20051113
20060309,803,342110,22213,Confirmed Eruption,3,Observations: Reported,2006,3,9,2010,10,26,2006-03-09,2010-10-26,50000000,1693,29533.372711163614,20060309
20060324,202,345040,11189,Confirmed Eruption,1,Observations: Reported,2006,3,24,2006,3,24,2006-03-24,2006-03-24,100000,1,100000.0,20060324
20060804,532,344040,10939,Confirmed Eruption,1,Observations: Reported,2006,8,4,2006,8,6,2006-08-04,2006-08-06,100000,3,33333.333333333336,20060804
20060804,1030,344100,11041,Confirmed Eruption,1,Observations: Reported,2006,8,4,2006,10,25,2006-08-04,2006-10-25,100000,83,1204.8192771084337,20060804
20060901,1047,344120,11074,Confirmed Eruption,2,Observations: Reported,2006,9,1,2006,9,21,2006-09-01,2006-09-21,5000000,21,238095.2380952381,20060901
20060925,203,345040,11190,Confirmed Eruption,1,Observations: Reported,2006,9,25,2006,12,16,2006-09-25,2006-12-16,100000,83,1204.8192771084337,20060925
20061211,533,344040,10940,Confirmed Eruption,1,Observations: Reported,2006,12,11,2007,2,17,2006-12-11,2007-02-17,100000,69,1449.2753623188405,20061211
20070209,1038,344120,11075,Confirmed Eruption,1,Observations: Reported,2007,2,9,2007,7,10,2007-02-09,2007-07-10,100000,152,657.8947368421053,20070209
20070612,534,344040,10941,Uncertain Eruption,1,unknown,2007,6,12,2007,6,12,2007-06-12,2007-06-12,100000,1,100000.0,20070612
20071028,527,344040,10942,Confirmed Eruption,1,Observations: Reported,2007,10,28,2008,2,18,2007-10-28,2008-02-18,100000,114,877.1929824561404,20071028
20071108,507,344020,10893,Confirmed Eruption,1,Observations: Reported,2007,11,8,2007,11,8,2007-11-08,2007-11-08,100000,1,100000.0,20071108
20071124,1039,344120,11076,Confirmed Eruption,2,Observations: Reported,2007,11,24,2007,12,20,2007-11-24,2007-12-20,5000000,27,185185.1851851852,20071124
20080113,204,345040,11191,Confirmed Eruption,1,Observations: Reported,2008,1,13,2008,1,13,2008-01-13,2008-01-13,100000,1,100000.0,20080113
20080429,1022,344100,11042,Confirmed Eruption,1,Observations: Reported,2008,4,29,2008,12,17,2008-04-29,2008-12-17,100000,233,429.18454935622316,20080429
20080622,508,344020,10894,Confirmed Eruption,1,Observations: Reported,2008,6,22,2008,8,5,2008-06-22,2008-08-05,100000,45,2222.222222222222,20080622
20080705,528,344040,10943,Confirmed Eruption,1,Observations: Reported,2008,7,5,2008,7,5,2008-07-05,2008-07-05,100000,1,100000.0,20080705
20080730,1040,344120,11077,Confirmed Eruption,1,Observations: Reported,2008,7,30,2008,7,30,2008-07-30,2008-07-30,100000,1,100000.0,20080730
20081121,509,344020,10895,Confirmed Eruption,1,Observations: Reported,2008,11,21,2008,11,21,2008-11-21,2008-11-21,100000,1,100000.0,20081121
20090112,205,345040,11192,Confirmed Eruption,1,Observations: Reported,2009,1,12,2009,3,21,2009-01-12,2009-03-21,100000,69,1449.2753623188405,20090112
20090906,510,344020,10896,Confirmed Eruption,2,Observations: Reported,2009,9,6,2009,12,26,2009-09-06,2009-12-26,5000000,112,44642.857142857145,20090906
20091116,206,345040,11193,Confirmed Eruption,1,Observations: Reported,2009,11,16,2014,10,13,2009-11-16,2014-10-13,100000,1793,55.77244841048522,20091116
20091211,1041,344120,11080,Confirmed Eruption,1,Observations: Reported,2009,12,11,2011,3,12,2009-12-11,2011-03-12,100000,457,218.8183807439825,20091211
20100105,228,345070,11247,Confirmed Eruption,2,Observations: Reported,2010,1,5,2010,3,7,2010-01-05,2010-03-07,5000000,62,80645.16129032258,20100105
20100609,511,344020,10897,Confirmed Eruption,2,Observations: Reported,2010,6,9,2011,1,13,2010-06-09,2011-01-13,5000000,219,22831.0502283105,20100609
20100724,229,345070,11248,Uncertain Eruption,2,Observations: Photo / Video,2010,7,24,2010,8,15,2010-07-24,2010-08-15,5000000,23,217391.30434782608,20100724
20110114,231,345070,20829,Confirmed Eruption,1,Observations: Reported,2011,1,14,2011,1,14,2011-01-14,2011-01-14,100000,1,100000.0,20110114
20110307,523,344040,20823,Confirmed Eruption,2,Observations: Reported,2011,3,7,2011,6,14,2011-03-07,2011-06-14,5000000,100,50000.0,20110307
20110821,512,344020,10898,Confirmed Eruption,1,Observations: Reported,2011,8,21,2011,10,23,2011-08-21,2011-10-23,100000,64,1562.5,20110821
20110822,1061,345020,20812,Confirmed Eruption,1,Observations: Reported,2011,8,22,2011,9,27,2011-08-22,2011-09-27,100000,37,2702.7027027027025,20110822
20120112,226,345070,20830,Confirmed Eruption,2,Observations: Reported,2012,1,12,2012,1,18,2012-01-12,2012-01-18,5000000,7,714285.7142857143,20120112
20120219,1062,345020,20813,Confirmed Eruption,1,Observations: Reported,2012,2,19,2012,4,14,2012-02-19,2012-04-14,100000,56,1785.7142857142858,20120219
20120430,1024,344100,22143,Confirmed Eruption,1,Observations: Reported,2012,4,30,2012,6,8,2012-04-30,2012-06-08,100000,40,2500.0,20120430
20120908,498,344020,20815,Confirmed Eruption,2,Observations: Reported,2012,9,8,2012,9,15,2012-09-08,2012-09-15,5000000,8,625000.0,20120908
20121017,1056,345020,22161,Confirmed Eruption,1,Observations: Reported,2012,10,17,2012,10,17,2012-10-17,2012-10-17,100000,1,100000.0,20121017
20121226,499,344020,20816,Confirmed Eruption,2,Observations: Reported,2012,12,26,2012,12,28,2012-12-26,2012-12-28,5000000,3,1666666.6666666667,20121226
20130106,1236,341040,20759,Confirmed Eruption,3,Observations: Reported,2013,1,6,2017,3,7,2013-01-06,2017-03-07,50000000,1522,32851.5111695138,20130106
20130305,801,342110,20802,Confirmed Eruption,2,Observations: Reported,2013,3,5,2014,4,10,2013-03-05,2014-04-10,5000000,402,12437.810945273632,20130305
20130521,227,345070,20831,Confirmed Eruption,1,Observations: Reported,2013,5,21,2013,6,4,2013-05-21,2013-06-04,100000,15,6666.666666666667,20130521
20130607,500,344020,20817,Confirmed Eruption,1,Observations: Reported,2013,6,7,2013,6,7,2013-06-07,2013-06-07,100000,1,100000.0,20130607
20130925,526,344040,22195,Confirmed Eruption,1,Observations: Reported,2013,9,25,2013,9,25,2013-09-25,2013-09-25,100000,1,100000.0,20130925
20131229,485,343100,20906,Confirmed Eruption,3,Observations: Reported,2013,12,29,2014,7,28,2013-12-29,2014-07-28,50000000,212,235849.05660377358,20131229
20140204,496,344020,20941,Confirmed Eruption,1,Observations: Reported,2014,2,4,2014,4,12,2014-02-04,2014-04-12,100000,68,1470.5882352941176,20140204
20140720,503,344020,22267,Confirmed Eruption,1,Observations: Reported,2014,7,20,2014,10,1,2014-07-20,2014-10-01,100000,74,1351.3513513513512,20140720
20140825,804,342110,22222,Confirmed Eruption,1,Observations: Reported,2014,8,25,2015,2,17,2014-08-25,2015-02-17,100000,177,564.9717514124294,20140825
20140917,1054,345020,20961,Confirmed Eruption,1,Observations: Reported,2014,9,17,2014,10,24,2014-09-17,2014-10-24,100000,38,2631.5789473684213,20140917
20141029,230,345070,20974,Confirmed Eruption,2,Observations: Reported,2014,10,29,2014,12,8,2014-10-29,2014-12-08,5000000,41,121951.21951219512,20141029
20150126,486,343100,20994,Confirmed Eruption,1,Observations: Reported,2015,1,26,2015,4,11,2015-01-26,2015-04-11,100000,76,1315.7894736842106,20150126
20150305,504,344020,22268,Confirmed Eruption,2,Observations: Reported,2015,3,5,2015,6,12,2015-03-05,2015-06-12,5000000,100,50000.0,20150305
20150308,225,345070,20998,Confirmed Eruption,3,Observations: Reported,2015,3,8,2019,12,7,2015-03-08,2019-12-07,50000000,1736,28801.84331797235,20150308
20150507,524,344040,21074,Confirmed Eruption,2,Observations: Reported,2015,5,7,2015,5,28,2015-05-07,2015-05-28,5000000,22,227272.72727272726,20150507
20150607,802,342110,22157,Confirmed Eruption,1,Observations: Reported,2015,6,7,2021,8,13,2015-06-07,2021-08-13,100000,2260,44.24778761061947,20150607
20150616,1055,345020,22132,Confirmed Eruption,1,Observations: Reported,2015,6,16,2016,5,1,2015-06-16,2016-05-01,100000,321,311.52647975077883,20150616
20150813,484,343100,22233,Confirmed Eruption,1,Observations: Reported,2015,8,13,2015,8,13,2015-08-13,2015-08-13,100000,1,100000.0,20150813
20150923,525,344040,21097,Confirmed Eruption,2,Observations: Reported,2015,9,23,2016,5,11,2015-09-23,2016-05-11,5000000,232,21551.724137931036,20150923
20151003,1023,344100,22108,Confirmed Eruption,1,Observations: Reported,2015,10,3,2024,12,18,2015-10-03,2024-12-18,100000,3365,29.71768202080238,20151003
20151201,1021,344090,22107,Confirmed Eruption,2,Observations: Reported,2015,12,1,2016,4,7,2015-12-01,2016-04-07,5000000,129,38759.68992248062,20151201
20160112,487,343100,22117,Confirmed Eruption,1,Observations: Reported,2016,1,12,2016,1,18,2016-01-12,2016-01-18,100000,7,14285.714285714286,20160112
20160422,497,344020,22130,Confirmed Eruption,2,Observations: Reported,2016,4,22,2016,4,22,2016-04-22,2016-04-22,5000000,1,5000000.0,20160422
20160605,200,345040,22156,Confirmed Eruption,1,Observations: Reported,2016,6,5,2016,8,16,2016-06-05,2016-08-16,100000,73,1369.86301369863,20160605
20160618,482,343100,22154,Confirmed Eruption,1,Observations: Reported,2016,6,18,2016,6,18,2016-06-18,2016-06-18,100000,1,100000.0,20160618
20170107,483,343100,22192,Confirmed Eruption,1,Observations: Reported,2017,1,7,2017,1,7,2017-01-07,2017-01-07,100000,1,100000.0,20170107
20170218,505,344020,22269,Confirmed Eruption,1,Observations: Reported,2017,2,18,2017,4,19,2017-02-18,2017-04-19,100000,61,1639.344262295082,20170218
20170412,201,345040,22209,Confirmed Eruption,1,Observations: Reported,2017,4,12,2017,11,6,2017-04-12,2017-11-06,100000,209,478.4688995215311,20170412
20170523,1057,345020,22208,Confirmed Eruption,1,Observations: Reported,2017,5,23,2018,3,15,2017-05-23,2018-03-15,100000,297,336.7003367003367,20170523
20170818,501,344020,22252,Confirmed Eruption,3,Observations: Reported,2017,8,18,2017,11,11,2017-08-18,2017-11-11,50000000,86,581395.3488372093,20170818
20180114,492,343100,22251,Confirmed Eruption,1,Observations: Reported,2018,1,14,2018,3,4,2018-01-14,2018-03-04,100000,50,2000.0,20180114
20180422,502,344020,22266,Confirmed Eruption,1,Observations: Reported,2018,4,22,2018,4,22,2018-04-22,2018-04-22,100000,1,100000.0,20180422
20180621,529,344040,22277,Confirmed Eruption,1,Observations: Reported,2018,6,21,2018,8,15,2018-06-21,2018-08-15,100000,56,1785.7142857142858,20180621
20180728,1053,345020,22282,Confirmed Eruption,1,Observations: Reported,2018,7,28,2019,6,11,2018-07-28,2019-06-11,100000,319,313.47962382445144,20180728
20190207,199,345040,22303,Confirmed Eruption,2,Observations: Reported,2019,2,7,2019,9,30,2019-02-07,2019-09-30,5000000,236,21186.4406779661,20190207
20190304,506,344020,22311,Confirmed Eruption,1,Observations: Reported,2019,3,4,2019,3,4,2019-03-04,2019-03-04,100000,1,100000.0,20190304
20190511,1242,341040,22323,Confirmed Eruption,1,Observations: Reported,2019,5,11,2019,7,12,2019-05-11,2019-07-12,100000,63,1587.3015873015872,20190511
